1,51.7530069,-1.31176103
2,51.78193389,-1.26409341
3,51.72938358,-1.2775873
4,51.75072947,-1.20706658
5,51.76390801,-1.3273753
6,51.79090611,-1.27980149
7,51.74378811,-1.31366145
8,51.76987101,-1.23332598
9,51.77442232,-1.30820319
10,51.74515269,-1.21994419
11,51.78016506,-1.27446417
12,51.78126946,-1.2490563
13,51.75443674,-1.20347173
14,51.74786685,-1.30487701
15,51.7880257,-1.26052789
16,51.71053487,-1.24389965
17,51.78883234,-1.25670338
18,51.74263472,-1.22667659
19,51.72646007,-1.24135902
20,51.77282705,-1.25212129
21,51.78277179,-1.26291727
22,51.75641238,-1.22610027
23,51.76710233,-1.29389162
24,51.77078067,-1.24917333
25,51.74131415,-1.32792638
26,51.75490008,-1.21976188
27,51.74767953,-1.23341614
28,51.72785776,-1.25523047
29,51.73791864,-1.30530993
30,51.76861982,-1.23615617
31,51.76181286,-1.2552739
32,51.76467967,-1.23143336
33,51.78871945,-1.24536644
34,51.73538288,-1.21823978
35,51.76783604,-1.24426021
36,51.75491718,-1.28799519
37,51.73482658,-1.27651891
38,51.716981,-1.27464816
39,51.78309363,-1.24767491
40,51.78436586,-1.26957527
41,51.75556083,-1.19653099
42,51.76221599,-1.30311536
43,51.73218885,-1.23683082
44,51.77890929,-1.22899653
45,51.73732587,-1.26883165
46,51.72346255,-1.30284644
47,51.74146028,-1.20897147
48,51.75204237,-1.21725147
49,51.74821848,-1.32211309
50,51.73921231,-1.30181684
51,51.79344648,-1.24235852
52,51.74000081,-1.25707436
53,51.71085607,-1.28664021
54,51.77089976,-1.26337137
55,51.76157517,-1.3068063
56,51.7620264,-1.24950737
57,51.75781328,-1.18644727
58,51.75273501,-1.19037032
59,51.77901032,-1.28182544
60,51.74747548,-1.27001423
61,51.75579019,-1.29830782
62,51.73147961,-1.29418391
63,51.75236583,-1.21971616
64,51.74460778,-1.23488689
65,51.71374246,-1.22306292
66,51.72868761,-1.26797763
67,51.77298121,-1.31365587
68,51.72359533,-1.26112536
69,51.71035084,-1.24229365
70,51.77846542,-1.2855019
71,51.71862851,-1.24563675
72,51.75384578,-1.30878428
73,51.774539,-1.22582129
74,51.72099378,-1.3088216
75,51.75974095,-1.25208839
76,51.76197944,-1.19689466
77,51.73115603,-1.30401048
78,51.73965523,-1.32744829
79,51.77072558,-1.31575284
80,51.79550403,-1.27338366
81,51.7610007,-1.19424241
82,51.7604377,-1.31050292
83,51.74138733,-1.22177355
84,51.7314524,-1.30439448
85,51.72438883,-1.30732038
86,51.7287886,-1.30904624
87,51.72230402,-1.29495176
88,51.76126745,-1.19577468
89,51.74583695,-1.3123815
90,51.75367488,-1.29046523
91,51.746005,-1.28634634
92,51.75813518,-1.2031669
93,51.76105598,-1.2690947
94,51.73644001,-1.26140982
95,51.76224162,-1.20039112
96,51.71566242,-1.22467198
97,51.75163015,-1.18648612
98,51.77281569,-1.21188819
99,51.76321748,-1.21219431
100,51.75196608,-1.3279899
101,51.75446934,-1.20388536
102,51.73777551,-1.21732315
103,51.76756193,-1.25710102
104,51.72076276,-1.29660846
105,51.74136527,-1.30211705
106,51.74447731,-1.19359998
107,51.72157392,-1.24002427
108,51.77413879,-1.24086577
109,51.78478895,-1.27874243
110,51.73727939,-1.28254393
111,51.78643103,-1.29280571
112,51.74816255,-1.21323175
113,51.78433926,-1.26725904
114,51.75102161,-1.21595845
115,51.72695821,-1.31189239
116,51.74919511,-1.3188052
117,51.77894688,-1.29991181
118,51.74614227,-1.28802872
119,51.71171155,-1.28976755
120,51.72403245,-1.27555302
121,51.73369044,-1.22253755
122,51.78549652,-1.24227847
123,51.7475481,-1.21550194
124,51.76060496,-1.21207148
125,51.75474064,-1.20893768
126,51.73067076,-1.2085387
127,51.74976107,-1.18627498
128,51.78434699,-1.27783115
129,51.77449454,-1.24955058
130,51.77803755,-1.31253188
131,51.72017489,-1.20858391
132,51.74338225,-1.19645084
133,51.74904654,-1.28891496
134,51.7734131,-1.2364413
135,51.72451132,-1.25388836
136,51.72105354,-1.28152778
137,51.72996314,-1.27151115
138,51.72650969,-1.20143057
139,51.72802469,-1.29622666
140,51.75716486,-1.29091007
141,51.75323445,-1.22164645
142,51.75618615,-1.25774016
143,51.79166997,-1.25953908
144,51.79161711,-1.26574045
145,51.77005841,-1.27356498
146,51.79259933,-1.24506121
147,51.77829719,-1.21119564
148,51.78825024,-1.28727479
149,51.76480058,-1.20137997
150,51.76831629,-1.27993616
151,51.78760312,-1.28616429
152,51.76263411,-1.27782632
153,51.77310721,-1.2053672
154,51.79302616,-1.26434801
155,51.76746586,-1.2491847
156,51.77250549,-1.22342965
157,51.74763425,-1.25652238
158,51.74240634,-1.22241332
159,51.7534437,-1.31446945
160,51.76800798,-1.31301977
161,51.79200599,-1.22670359
162,51.72887944,-1.31630212
163,51.7823157,-1.26744621
164,51.77458943,-1.20996096
165,51.78423718,-1.21394786
166,51.77582319,-1.21038241
167,51.75633019,-1.23898868
168,51.70994017,-1.2450293
169,51.76228398,-1.29027244
170,51.74980775,-1.28785328
171,51.76128792,-1.20860249
172,51.74291242,-1.29431621
173,51.73124085,-1.31397857
174,51.74929347,-1.22617635
175,51.79197049,-1.24185154
176,51.72737059,-1.23046142
177,51.77496924,-1.25870068
178,51.78764388,-1.23396007
179,51.78210199,-1.30433585
180,51.72192319,-1.27080208
181,51.77645259,-1.22123771
182,51.79534634,-1.26808359
183,51.72583773,-1.26899456
184,51.78953802,-1.23726289
185,51.76424095,-1.26552994
186,51.74248532,-1.21174057
187,51.7674705,-1.26878701
188,51.76417945,-1.22182813
189,51.75196628,-1.30754996
190,51.74533885,-1.28474972
191,51.77845041,-1.21115096
192,51.78309817,-1.2663259
193,51.74073443,-1.3018242
194,51.78164611,-1.21164985
195,51.78264607,-1.21860493
196,51.71538149,-1.2765594
197,51.756443,-1.23928712
198,51.7611688,-1.221907
199,51.77749672,-1.28682962
200,51.7865215,-1.27682402
201,51.71817645,-1.2995204
202,51.74132862,-1.2754398
203,51.73433689,-1.28034705
204,51.7271203,-1.27341081
205,51.74565343,-1.25345179
206,51.74593376,-1.31347929
207,51.76581788,-1.26744753
208,51.77309945,-1.27616891
209,51.76161093,-1.30144459
210,51.75367984,-1.21532625
211,51.7778741,-1.25204175
212,51.76806453,-1.3016303
213,51.771537,-1.29392186
214,51.72353744,-1.29976022
215,51.73958968,-1.3254141
216,51.76960442,-1.30276642
217,51.74811542,-1.29618131
218,51.77977606,-1.22564615
219,51.75946952,-1.19037644
220,51.74726575,-1.2463108
221,51.76665226,-1.26821881
222,51.76110933,-1.24394778
223,51.73161675,-1.22283958
224,51.72461966,-1.30687438
225,51.74071268,-1.20509761
226,51.73372175,-1.30959268
227,51.7151401,-1.28467865
228,51.75033297,-1.22323745
229,51.74399472,-1.29609356
230,51.73836498,-1.20847529
231,51.73138354,-1.27121387
232,51.75327695,-1.23087908
233,51.7177334,-1.23718305
234,51.73142122,-1.28976462
235,51.73414717,-1.19346705
236,51.76715374,-1.26889696
237,51.75170551,-1.32927897
238,51.78809815,-1.24944465
239,51.76050478,-1.18726629
240,51.73432743,-1.19842293
241,51.76279348,-1.24191401
242,51.76543039,-1.21136215
243,51.78575417,-1.22193221
244,51.77106188,-1.28704581
245,51.7827699,-1.2121658
246,51.77830295,-1.21657101
247,51.72743248,-1.20012888
248,51.76241288,-1.20336019
249,51.76667769,-1.25708338
250,51.74795486,-1.32875515
251,51.72239101,-1.28370923
252,51.74326698,-1.31203096
253,51.77435758,-1.29111771
254,51.78666368,-1.23197169
255,51.75039824,-1.30185087
256,51.78755126,-1.2239892
257,51.74204759,-1.31475457
258,51.76883241,-1.25133502
259,51.72228896,-1.2733295
260,51.7592393,-1.20216561
261,51.72646025,-1.23893425
262,51.76561567,-1.31900672
263,51.73600235,-1.26423937
264,51.75100716,-1.19976302
265,51.76363178,-1.21976823
266,51.78712221,-1.29859831
267,51.71401883,-1.25192894
268,51.73991624,-1.25304423
269,51.78527705,-1.2540388
270,51.72314567,-1.25337599
271,51.74004724,-1.19549758
272,51.75028689,-1.22875368
273,51.78001224,-1.25437376
274,51.72239659,-1.2050358
275,51.74598116,-1.3150054
276,51.73091545,-1.28145589
277,51.75367519,-1.21098328
278,51.72555527,-1.29055508
279,51.72973708,-1.27224296
280,51.76205363,-1.23770197
281,51.79371616,-1.25971444
282,51.7328391,-1.28289122
283,51.7510132,-1.32508937
284,51.76774694,-1.20317088
285,51.77222303,-1.19795911
286,51.74053997,-1.29737596
287,51.76000018,-1.2565911
288,51.7250037,-1.24188367
289,51.74389311,-1.19208688
290,51.74529363,-1.26362226
291,51.7311817,-1.297998
292,51.76719425,-1.19094141
293,51.73326705,-1.32236884
294,51.75075191,-1.18857656
295,51.7213553,-1.22803739
296,51.7477984,-1.28423543
297,51.73173676,-1.30262152
298,51.71824882,-1.23694794
299,51.74301506,-1.28236079
300,51.76897735,-1.27969461
301,51.74243802,-1.26524128
302,51.75096503,-1.27757632
303,51.76105565,-1.20126582
304,51.72541846,-1.23454536
305,51.73147255,-1.27965215
306,51.77362265,-1.32004184
307,51.79414935,-1.27153639
308,51.78315457,-1.20564663
309,51.7524615,-1.24613
310,51.79216317,-1.23222809
311,51.74041656,-1.25323693
312,51.73596106,-1.19454149
313,51.72529161,-1.26617333
314,51.721366,-1.21934775
315,51.74999131,-1.30807094
316,51.73571858,-1.25175592
317,51.78192222,-1.25927307
318,51.72554207,-1.2034327
319,51.74508666,-1.29961061
320,51.77032944,-1.25653596
321,51.72837145,-1.26079707
322,51.71141022,-1.2598518
323,51.78481142,-1.20807662
324,51.75287516,-1.26552062
325,51.76245606,-1.32443716
326,51.75485532,-1.28727616
327,51.75651274,-1.29935277
328,51.76806956,-1.20395422
329,51.76508749,-1.26507936
330,51.75119186,-1.26715602
331,51.71430773,-1.24428041
332,51.740202,-1.30392594
333,51.71407936,-1.22203943
334,51.76880669,-1.27912968
335,51.74145609,-1.26230168
336,51.715033,-1.24436794
337,51.77191373,-1.22223352
338,51.75851814,-1.32562944
339,51.76779752,-1.30409792
340,51.73531958,-1.26655771
341,51.74689687,-1.1864183
342,51.73892474,-1.21470461
343,51.72844468,-1.22183503
344,51.71666786,-1.25577692
345,51.71819048,-1.2603262
346,51.74433363,-1.19815113
347,51.73142519,-1.31824035
348,51.79436313,-1.2760188
349,51.73498169,-1.28810651
350,51.78381293,-1.21773621
351,51.72305452,-1.21851038
352,51.77202374,-1.23893571
353,51.76243558,-1.24105645
354,51.77583676,-1.26938705
355,51.75251082,-1.22719349
356,51.72967559,-1.21855163
357,51.74696076,-1.18758527
358,51.74316563,-1.25279711
359,51.79061377,-1.2213977
360,51.73734824,-1.1901569
361,51.73938394,-1.32383671
362,51.77510846,-1.22899506
363,51.76962475,-1.20277089
364,51.78490329,-1.28587149
365,51.73029563,-1.24719728
366,51.76595164,-1.29189647
367,51.77710486,-1.28743188
368,51.74031704,-1.2840366
369,51.72869727,-1.23180616
370,51.76796238,-1.31018057
371,51.77876716,-1.22254312
372,51.71416165,-1.24997709
373,51.75850494,-1.31756414
374,51.75150553,-1.28240563
375,51.7905747,-1.2487144
376,51.7610504,-1.27759294
377,51.73188072,-1.31147013
378,51.74128505,-1.30739125
379,51.76349098,-1.30261606
380,51.71032947,-1.2458883
381,51.7356384,-1.26972145
382,51.74307691,-1.2807807
383,51.73908906,-1.22494042
384,51.77084655,-1.24318172
385,51.76150655,-1.30328863
386,51.73969406,-1.32248304
387,51.7586369,-1.28513337
388,51.79095114,-1.27556306
389,51.7523335,-1.21774589
390,51.78496191,-1.24491728
391,51.7338508,-1.28266299
392,51.74864915,-1.22488533
393,51.77158639,-1.32252519
394,51.73846436,-1.26406335
395,51.76861961,-1.19044965
396,51.77114799,-1.29505643
397,51.74179005,-1.31568668
398,51.74894971,-1.21039225
399,51.72824222,-1.27610048
400,51.72357319,-1.25576702
401,51.76925389,-1.23130003
402,51.77820089,-1.21597999
403,51.77072761,-1.23789174
404,51.71441747,-1.23752375
405,51.7470859,-1.24507329
406,51.72807564,-1.29737394
407,51.74451317,-1.23359054
408,51.74849899,-1.32345956
409,51.71724739,-1.23700111
410,51.77540031,-1.21788952
411,51.77738514,-1.31615088
412,51.73847566,-1.20308989
413,51.74903576,-1.20174183
414,51.75841569,-1.20915412
415,51.77815948,-1.21050355
416,51.7574787,-1.23395152
417,51.72078159,-1.2925364
418,51.7316433,-1.24541145
419,51.74433365,-1.19861403
420,51.7683371,-1.233752
421,51.72974937,-1.27886521
422,51.75137119,-1.18675363
423,51.73655055,-1.21564281
424,51.74244327,-1.22950581
425,51.72436526,-1.20468244
426,51.78457437,-1.29923651
427,51.72590918,-1.28179569
428,51.76999708,-1.24394758
429,51.75588551,-1.22758432
430,51.78350756,-1.30317456
431,51.79190941,-1.26749912
432,51.75385172,-1.31225534
433,51.75080703,-1.24311858
434,51.74246588,-1.3204752
435,51.77484628,-1.31155522
436,51.74840741,-1.20477041
437,51.78186381,-1.21574943
438,51.73342897,-1.30563055
439,51.73499457,-1.24352346
440,51.75410488,-1.23041563
441,51.73324313,-1.20077657
442,51.78133761,-1.28315711
443,51.71756331,-1.25129267
444,51.72117249,-1.26358042
445,51.75860679,-1.3266999
446,51.75713955,-1.28812377
447,51.73097449,-1.22435492
448,51.73768844,-1.26427291
449,51.72390288,-1.2097991
450,51.71530345,-1.22709442
451,51.75063176,-1.24185052
452,51.73080896,-1.31671869
453,51.75343783,-1.20785279
454,51.73633151,-1.21154466
455,51.76247731,-1.22027933
456,51.73909433,-1.25271594
457,51.78732551,-1.29104144
458,51.75246515,-1.27154742
459,51.75721889,-1.32572817
460,51.73162254,-1.22298588
461,51.78538807,-1.2628636
462,51.77939751,-1.22970989
463,51.75580379,-1.24216753
464,51.75660784,-1.31793185
465,51.72442473,-1.26533545
466,51.75735584,-1.22256691
467,51.74375481,-1.25876104
468,51.73239556,-1.23456743
469,51.75288547,-1.23625393
470,51.73142391,-1.19926926
471,51.75103814,-1.18972656
472,51.79421309,-1.27614338
473,51.7827324,-1.2075351
474,51.72514023,-1.23634146
475,51.72205011,-1.25370582
476,51.79110708,-1.29006759
477,51.79614044,-1.24451455
478,51.73173073,-1.27500246
479,51.71502098,-1.29373503
480,51.71237949,-1.26049791
481,51.76010513,-1.30710667
482,51.78780725,-1.28233281
483,51.74012712,-1.28826123
484,51.78810224,-1.24370102
485,51.73670545,-1.22751241
486,51.77853454,-1.29401158
487,51.78298255,-1.220814
488,51.72546066,-1.23463897
489,51.77517894,-1.19788385
490,51.7466436,-1.26360564
491,51.71084721,-1.27060633
492,51.73846974,-1.29088813
493,51.76896512,-1.29180258
494,51.75181671,-1.32073683
495,51.72680473,-1.2788115
496,51.77342385,-1.19457564
497,51.77285092,-1.3195821
498,51.75285638,-1.31096463
499,51.77747005,-1.31602992
500,51.79460161,-1.27779592
501,51.78793669,-1.24644419
502,51.78158982,-1.30325253
503,51.72823484,-1.22170711
504,51.76525796,-1.31863868
505,51.71444534,-1.27028462
506,51.76259921,-1.31002152
507,51.79319178,-1.2320932
508,51.78916485,-1.29244116
509,51.77744648,-1.2887166
510,51.75271678,-1.3222222
511,51.76394768,-1.25559618
512,51.73337525,-1.29272194
513,51.78198486,-1.31013908
514,51.71780579,-1.22971916
515,51.78393397,-1.22268049
516,51.74631677,-1.24812422
517,51.7911058,-1.22598547
518,51.76971241,-1.3080067
519,51.72123385,-1.2593991
520,51.71588667,-1.23477756
521,51.7702367,-1.26418351
522,51.7901373,-1.28369541
523,51.71684039,-1.23119405
524,51.75283299,-1.21916345
525,51.75104448,-1.20714273
526,51.76112587,-1.23791108
527,51.72010425,-1.30323471
528,51.74719631,-1.25082088
529,51.74302675,-1.18660303
530,51.72144652,-1.24902182
531,51.78695701,-1.24934508
532,51.72766553,-1.22086786
533,51.79134838,-1.27188835
534,51.71734968,-1.23895406
535,51.7215216,-1.2369165
536,51.73096547,-1.19548875
537,51.73598761,-1.32292947
538,51.76491399,-1.19381963
539,51.76959302,-1.27137164
540,51.7518536,-1.19774232
541,51.71752837,-1.21132308
542,51.77385906,-1.29973168
543,51.76265501,-1.23278943
544,51.77410022,-1.20660023
545,51.78037942,-1.2328065
546,51.78496836,-1.28887456
547,51.71080017,-1.25529369
548,51.73403834,-1.25163962
549,51.7630669,-1.20624168
550,51.73579186,-1.24931254
551,51.76531931,-1.20380185
552,51.79025997,-1.24655059
553,51.74103855,-1.2397628
554,51.76789565,-1.28097366
555,51.75809406,-1.30921946
556,51.73629469,-1.22753121
557,51.76245103,-1.23276604
558,51.71886879,-1.27041894
559,51.72739647,-1.29837665
560,51.74900914,-1.22236717
561,51.78127096,-1.24433892
562,51.74112076,-1.20436058
563,51.79339289,-1.26845539
564,51.71037575,-1.23914541
565,51.76284205,-1.26428488
566,51.74135064,-1.2278777
567,51.71807017,-1.28216599
568,51.79302022,-1.2719381
569,51.75917578,-1.25480761
570,51.74196867,-1.28002389
571,51.72491064,-1.28450988
572,51.73552412,-1.2026984
573,51.74182364,-1.31863588
574,51.7342359,-1.22238571
575,51.76724537,-1.24648597
576,51.73675969,-1.2151498
577,51.71637953,-1.25739528
578,51.77395086,-1.29406956
579,51.74281137,-1.232084
580,51.79009456,-1.25310477
581,51.74388952,-1.24894758
582,51.74812408,-1.25010036
583,51.73899786,-1.1899113
584,51.7829953,-1.30306066
585,51.71731194,-1.25744309
586,51.76058724,-1.20428455
587,51.71113125,-1.24101361
588,51.78570039,-1.28962201
589,51.74548996,-1.28093366
590,51.77845795,-1.31099819
591,51.77822005,-1.28468677
592,51.77872956,-1.30536387
593,51.76351947,-1.19245475
594,51.71895963,-1.29355998
595,51.73621794,-1.20569836
596,51.72506533,-1.20427842
597,51.77441216,-1.24215984
598,51.74362636,-1.19787831
599,51.78774243,-1.27729076
600,51.73826363,-1.21966366
601,51.78840626,-1.22443602
602,51.78823775,-1.27621657
603,51.72088212,-1.22594425
604,51.79285623,-1.2752398
605,51.72947693,-1.25649063
606,51.71603617,-1.27939471
607,51.7620354,-1.31989072
608,51.78356095,-1.2665371
609,51.79654383,-1.26183342
610,51.76229469,-1.18802546
611,51.77249844,-1.28937986
612,51.74213469,-1.27017255
613,51.73455637,-1.21880713
614,51.74654967,-1.25756182
615,51.78020965,-1.24294009
616,51.78125752,-1.22974699
617,51.74987268,-1.24285222
618,51.7674516,-1.2329051
619,51.72552156,-1.27540924
620,51.77045247,-1.31720861
621,51.74282985,-1.28318754
622,51.73233455,-1.28379169
623,51.75024836,-1.26902444
624,51.72377012,-1.2693094
625,51.71346379,-1.25177059
626,51.71626449,-1.25138337
627,51.73500895,-1.29528788
628,51.72759093,-1.21462447
629,51.76473263,-1.29717931
630,51.76827793,-1.19793732
631,51.75055569,-1.22358441
632,51.72693691,-1.23187356
633,51.77708106,-1.26934629
634,51.74117418,-1.2774999
635,51.76377993,-1.23968471
636,51.76155669,-1.31175738
637,51.76213316,-1.19083553
638,51.76785958,-1.23113384
639,51.76055391,-1.27148315
640,51.7731605,-1.20407972
641,51.73918986,-1.28773926
642,51.78749012,-1.28514004
643,51.72015645,-1.23629881
644,51.72617592,-1.26830968
645,51.72282209,-1.24518103
646,51.74121111,-1.30396026
647,51.7481595,-1.21731652
648,51.7786226,-1.28482155
649,51.71343007,-1.22074567
650,51.77789593,-1.24737613
651,51.75582968,-1.28969569
652,51.78833017,-1.26365283
653,51.76059691,-1.24324885
654,51.76459266,-1.19034797
655,51.76538521,-1.21864426
656,51.71426061,-1.22784921
657,51.73662517,-1.25970284
658,51.73979215,-1.1999581
659,51.75537096,-1.32248969
660,51.71892244,-1.27876788
661,51.78309636,-1.31008384
662,51.74452657,-1.31807274
663,51.75457745,-1.30337726
664,51.75374394,-1.21131629
665,51.78100061,-1.23764563
666,51.73748562,-1.3125911
667,51.73800295,-1.23370519
668,51.74937095,-1.19606381
669,51.71047155,-1.26965737
670,51.78846591,-1.22256766
671,51.73945128,-1.2451532
672,51.78451253,-1.27402658
673,51.78625068,-1.2409976
674,51.78621046,-1.25635008
675,51.73826696,-1.24165769
676,51.71468676,-1.26898143
677,51.76573612,-1.21741636
678,51.78283419,-1.21607779
679,51.72884809,-1.23475703
680,51.7874435,-1.30031557
681,51.75138827,-1.23304594
682,51.74670263,-1.28298407
683,51.72141027,-1.20582884
684,51.74581119,-1.26609694
685,51.71285649,-1.23657056
686,51.75011296,-1.27406559
687,51.77092776,-1.29956491
688,51.75313865,-1.2252833
689,51.74801993,-1.19614724
690,51.7508651,-1.2153662
691,51.76770939,-1.3231046
692,51.73759073,-1.27755044
693,51.7782303,-1.20089654
694,51.74025132,-1.31860884
695,51.73628483,-1.27945799
696,51.77779729,-1.26989508
697,51.77399493,-1.30770159
698,51.7247203,-1.26138753
699,51.73135223,-1.27403331
700,51.75042208,-1.18893407
701,51.71963464,-1.2742275
702,51.78922608,-1.27850808
703,51.78408065,-1.26610559
704,51.78235845,-1.29084094
705,51.7250525,-1.30085843
706,51.76418993,-1.1919462
707,51.76798755,-1.19920237
708,51.7949206,-1.24006083
709,51.75312023,-1.24267655
710,51.74101862,-1.3145557
711,51.73870033,-1.28528982
712,51.78033871,-1.23895677
713,51.73580833,-1.20192526
714,51.74106966,-1.19636858
715,51.77373547,-1.24128274
716,51.74730431,-1.23009787
717,51.77695415,-1.2661007
718,51.77271067,-1.26209251
719,51.72987095,-1.31758505
720,51.71454008,-1.24398499
721,51.75286043,-1.31794284
722,51.73534672,-1.24900152
723,51.73937368,-1.29748721
724,51.74876723,-1.18829356
725,51.77410246,-1.25960903
726,51.76360907,-1.27666849
727,51.75077928,-1.29290104
728,51.79016488,-1.25811078
729,51.75416244,-1.30407195
730,51.71596541,-1.27616958
731,51.78215971,-1.22039964
732,51.78979749,-1.29696749
733,51.73870597,-1.3145215
734,51.76378227,-1.28709539
735,51.79004298,-1.24406309
736,51.75934976,-1.27858512
737,51.76361263,-1.21851616
738,51.78087909,-1.25153355
739,51.77745375,-1.23053522
740,51.77498302,-1.25413327
741,51.75388416,-1.2417828
742,51.7240577,-1.31176274
743,51.7550239,-1.2383421
744,51.79467868,-1.27036474
745,51.76153659,-1.22481739
746,51.73112164,-1.30310785
747,51.76044269,-1.31648587
748,51.75444838,-1.1986333
749,51.74338095,-1.19326727
750,51.71026583,-1.2627374
751,51.78773954,-1.23868374
752,51.77392249,-1.2208574
753,51.74434467,-1.19646954
754,51.76690236,-1.2277818
755,51.73495224,-1.21804593
756,51.71304528,-1.22499191
757,51.7454789,-1.26469683
758,51.73502684,-1.29240944
759,51.71927378,-1.22093919
760,51.78368815,-1.23600536
761,51.74483312,-1.19414345
762,51.76060388,-1.24572405
763,51.75456086,-1.19903075
764,51.76802312,-1.19092553
765,51.71132474,-1.26046529
766,51.77265347,-1.22093193
767,51.75615564,-1.30290846
768,51.77181887,-1.30990451
769,51.79117096,-1.29205327
770,51.76288523,-1.31948189
771,51.7680767,-1.22721109
772,51.79382112,-1.2655009
773,51.76856082,-1.19909879
774,51.76840862,-1.22387687
775,51.76511204,-1.23976256
776,51.79297462,-1.24860224
777,51.78677802,-1.26590836
778,51.7725243,-1.21273385
779,51.75074677,-1.31684089
780,51.75362932,-1.3235017
781,51.72552752,-1.30857305
782,51.78168114,-1.22298751
783,51.71776481,-1.25796484
784,51.75193694,-1.25607956
785,51.78676193,-1.22015064
786,51.73086785,-1.30019559
787,51.76936964,-1.28010933
788,51.74576742,-1.23674872
789,51.72546443,-1.29833438
790,51.74721892,-1.26120648
791,51.75455401,-1.321235
792,51.79152726,-1.28597455
793,51.75782332,-1.2837829
794,51.7198394,-1.2086695
795,51.76461666,-1.2065511
796,51.73401752,-1.24178341
797,51.77234262,-1.29381484
798,51.73704266,-1.24032389
799,51.74447556,-1.30934968
800,51.78330921,-1.21473265
801,51.7490718,-1.29431398
802,51.72801258,-1.27490056
803,51.739871,-1.24665906
804,51.71819632,-1.29321807
805,51.77781155,-1.27454184
806,51.75554681,-1.23459516
807,51.72211142,-1.2365297
808,51.7655878,-1.26993343
809,51.78019324,-1.21717354
810,51.78800935,-1.26807099
811,51.72131014,-1.22718776
812,51.77406563,-1.26371986
813,51.76250737,-1.19943382
814,51.71413008,-1.28695154
815,51.75367621,-1.25655841
816,51.73544674,-1.23536837
817,51.72862236,-1.2951732
818,51.74446028,-1.24838348
819,51.73413866,-1.26329179
820,51.7129181,-1.24019425
821,51.76520693,-1.21251921
822,51.75543784,-1.19706325
823,51.77388086,-1.22305224
824,51.78259323,-1.2229841
825,51.76979476,-1.30431054
826,51.74956611,-1.32104516
827,51.76217294,-1.3043363
828,51.71954163,-1.25316758
829,51.76194525,-1.30490823
830,51.75320506,-1.27921262
831,51.78050045,-1.29126678
832,51.77024045,-1.19255318
833,51.71978341,-1.23587971
834,51.78075956,-1.30891392
835,51.78363363,-1.26723827
836,51.79134757,-1.2882402
837,51.71493982,-1.27451733
838,51.73374526,-1.2738696
839,51.7362808,-1.29947147
840,51.7336115,-1.25442831
841,51.7835462,-1.28395807
842,51.74706872,-1.29418653
843,51.76620777,-1.29081039
844,51.7129924,-1.26642638
845,51.77734109,-1.30268335
846,51.76794032,-1.2979553
847,51.71836858,-1.27531803
848,51.77311369,-1.22335212
849,51.76049027,-1.25617706
850,51.77316357,-1.25252064
851,51.76179748,-1.22879455
852,51.73481777,-1.30321979
853,51.7833376,-1.23703411
854,51.73024038,-1.30923106
855,51.73247092,-1.32048263
856,51.73300729,-1.22406242
857,51.7799193,-1.30177227
858,51.74189948,-1.28223816
859,51.75743524,-1.28349587
860,51.7551039,-1.31789984
861,51.74363262,-1.21337194
862,51.7506678,-1.30376758
863,51.7768043,-1.30984652
864,51.71554507,-1.25491295
865,51.75556572,-1.22271741
866,51.75168254,-1.31307422
867,51.76167638,-1.28656323
868,51.7299166,-1.24822907
869,51.74170899,-1.24245467
870,51.78744376,-1.25525998
871,51.74664973,-1.23435244
872,51.75787221,-1.26004103
873,51.76916588,-1.2082884
874,51.74408288,-1.28918086
875,51.74490485,-1.31900839
876,51.72968613,-1.25296162
877,51.73372816,-1.30610051
878,51.77434998,-1.31475716
879,51.79050677,-1.27285962
880,51.725674,-1.24868273
881,51.75991533,-1.27580266
882,51.78130054,-1.26156593
883,51.7618707,-1.2369594
884,51.7373109,-1.28578528
885,51.76739151,-1.29863392
886,51.73138469,-1.2353383
887,51.74658474,-1.22551716
888,51.79459196,-1.26002076
889,51.77676121,-1.21000275
890,51.73393533,-1.31520762
891,51.77167726,-1.23686328
892,51.72334176,-1.21531515
893,51.76182677,-1.32420061
894,51.75397601,-1.25358003
895,51.73823534,-1.19596462
896,51.72989434,-1.23643934
897,51.75858961,-1.28014954
898,51.76374706,-1.27952715
899,51.77464476,-1.28463424
900,51.74721723,-1.21955817
901,51.78724393,-1.29711674
902,51.76284734,-1.22742949
903,51.7636844,-1.32595483
904,51.78083386,-1.30834386
905,51.75724638,-1.29945715
906,51.72697929,-1.29310292
907,51.74738131,-1.30181762
908,51.75857245,-1.29730918
909,51.74084678,-1.24797812
910,51.71568914,-1.2524337
911,51.71249337,-1.28707025
912,51.77213745,-1.22797309
913,51.73900632,-1.28735524
914,51.73319455,-1.29020437
915,51.78689454,-1.26270615
916,51.73886559,-1.29232795
917,51.72349766,-1.22707845
918,51.75513035,-1.305875
919,51.76961373,-1.27887698
920,51.76998004,-1.24358999
921,51.78503021,-1.23133062
922,51.78636944,-1.24389707
923,51.77800851,-1.20419265
924,51.72180426,-1.26880659
925,51.79099459,-1.29185925
926,51.71448058,-1.29570667
927,51.7308304,-1.24139568
928,51.74768728,-1.325344
929,51.78010954,-1.29255019
930,51.74008023,-1.20195096
931,51.74792165,-1.25470658
932,51.72745519,-1.25511351
933,51.739386,-1.26560902
934,51.75860895,-1.29915146
935,51.73113902,-1.21808613
936,51.77834696,-1.24418367
937,51.76300579,-1.23708978
938,51.73385101,-1.23954602
939,51.73516848,-1.24276584
940,51.75185769,-1.25874095
941,51.75961504,-1.3198284
942,51.7649764,-1.28198558
943,51.72519103,-1.22362974
944,51.75802533,-1.21318601
945,51.71249909,-1.26819626
946,51.71905494,-1.23078492
947,51.77554237,-1.2641291
948,51.76933195,-1.24785293
949,51.77760288,-1.26734377
950,51.78296325,-1.26092842
951,51.74002087,-1.25749412
952,51.78196699,-1.22866874
953,51.76171009,-1.27533717
954,51.78059007,-1.20581803
955,51.75412367,-1.25036063
956,51.76971481,-1.2055744
957,51.75235857,-1.30062795
958,51.78019598,-1.26656722
959,51.77359789,-1.24875526
960,51.70906475,-1.26825687
961,51.71185327,-1.28025591
962,51.75276111,-1.24531319
963,51.74342196,-1.26191816
964,51.75171387,-1.3108213
965,51.74293633,-1.24403378
966,51.74253506,-1.18886851
967,51.71907311,-1.21939776
968,51.79143195,-1.24902901
969,51.75931018,-1.2935651
970,51.75336986,-1.31267885
971,51.73383747,-1.213128
972,51.75364737,-1.24953858
973,51.77009282,-1.25596937
974,51.71598758,-1.2801229
975,51.78738182,-1.22425653
976,51.75619967,-1.27724812
977,51.79252511,-1.27295217
978,51.73714215,-1.21456943
979,51.7113097,-1.24850576
980,51.7636534,-1.28733779
981,51.77522709,-1.27315061
982,51.78804364,-1.22723712
983,51.76067539,-1.24834445
984,51.7450063,-1.20935478
985,51.7691186,-1.22915303
986,51.74602529,-1.25179184
987,51.78506002,-1.2312249
988,51.7581985,-1.25532284
989,51.7388125,-1.24161237
990,51.79182792,-1.24792901
991,51.79525301,-1.25891673
992,51.71236154,-1.27876672
993,51.77008722,-1.2080355
994,51.73743175,-1.21595998
995,51.75728208,-1.25791991
996,51.7233699,-1.24578566
997,51.75087146,-1.25270216
998,51.71871275,-1.29343238
999,51.76853635,-1.27816396
1000,51.73629006,-1.21992402
1001,51.71253366,-1.22985817
1002,51.76443897,-1.25557013
1003,51.75274212,-1.22852942
1004,51.78398159,-1.26925969
1005,51.71337888,-1.27134255
1006,51.78704894,-1.28896945
1007,51.78078514,-1.20733677
1008,51.73743226,-1.23051598
1009,51.7455768,-1.20125128
1010,51.76797097,-1.28333851
1011,51.7885736,-1.28230856
1012,51.76783613,-1.30750169
1013,51.75048486,-1.20391475
1014,51.7403808,-1.26102653
1015,51.71545232,-1.21893271
1016,51.74710904,-1.28313322
1017,51.72412398,-1.2406347
1018,51.72536155,-1.20429487
1019,51.75322762,-1.21682061
1020,51.7318848,-1.32031581
1021,51.73725375,-1.2890925
1022,51.7499141,-1.28951211
1023,51.76898816,-1.28335678
1024,51.74952319,-1.30460207
1025,51.78250912,-1.21138974
1026,51.79140085,-1.23539425
1027,51.76518496,-1.20908981
1028,51.75649808,-1.23052198
1029,51.77409868,-1.31549549
1030,51.77080525,-1.27642029
1031,51.71675835,-1.26794459
1032,51.7232202,-1.22349298
1033,51.78099791,-1.27307947
1034,51.73901322,-1.29416269
1035,51.76843857,-1.27840783
1036,51.7441833,-1.23287327
1037,51.77717647,-1.29808846
1038,51.77198194,-1.31640598
1039,51.74490973,-1.22274685
1040,51.79585687,-1.26794765
1041,51.75918556,-1.25089151
1042,51.75136113,-1.23219595
1043,51.74718073,-1.32512628
1044,51.79478822,-1.27748978
1045,51.71942034,-1.23124192
1046,51.77843096,-1.25533424
1047,51.76754454,-1.30860656
1048,51.72321178,-1.24188339
1049,51.75564809,-1.31259569
1050,51.7252336,-1.1997565
1051,51.79363137,-1.2729073
1052,51.7467345,-1.27938438
1053,51.77149271,-1.24414446
1054,51.760565,-1.27106757
1055,51.73294765,-1.26030876
1056,51.73392179,-1.20419423
1057,51.71493566,-1.22736592
1058,51.75248679,-1.23248695
1059,51.73182139,-1.29555041
1060,51.78971797,-1.25577755
1061,51.7443681,-1.25240035
1062,51.71261107,-1.24535373
1063,51.73653944,-1.26881962
1064,51.7916263,-1.26875265
1065,51.79205099,-1.2721074
1066,51.77629713,-1.30312293
1067,51.74521933,-1.31120493
1068,51.78362124,-1.21086863
1069,51.71617946,-1.26961008
1070,51.76515515,-1.28170586
1071,51.76587925,-1.29699127
1072,51.76752759,-1.22480576
1073,51.73380018,-1.214198
1074,51.7686988,-1.19466838
1075,51.72282766,-1.21419465
1076,51.73408203,-1.28355447
1077,51.77091896,-1.24961347
1078,51.72697595,-1.27547598
1079,51.73824904,-1.25038348
1080,51.73872556,-1.23124652
1081,51.74552397,-1.2451772
1082,51.7675418,-1.30440857
1083,51.73769789,-1.22876514
1084,51.78670364,-1.26755142
1085,51.77319105,-1.25997818
1086,51.73386202,-1.20235051
1087,51.79249059,-1.27188068
1088,51.74464142,-1.30947312
1089,51.78578557,-1.2648836
1090,51.7894885,-1.23495698
1091,51.78640804,-1.24731695
1092,51.73889537,-1.24390255
1093,51.76491786,-1.20073765
1094,51.78842296,-1.26266113
1095,51.71205614,-1.23500956
1096,51.72593889,-1.28449488
1097,51.72738793,-1.26291883
1098,51.75400468,-1.27938212
1099,51.77589071,-1.24214986
1100,51.76225811,-1.19841737
1101,51.76079267,-1.30597216
1102,51.74627872,-1.27319342
1103,51.74079874,-1.24994145
1104,51.74694564,-1.30092369
1105,51.77048776,-1.26563684
1106,51.76917063,-1.31329741
1107,51.71826829,-1.28716308
1108,51.75021881,-1.24724326
1109,51.74554135,-1.21807281
1110,51.72519961,-1.26979239
1111,51.7325767,-1.25703276
1112,51.75804698,-1.25177699
1113,51.72627101,-1.20639083
1114,51.73973641,-1.21707197
1115,51.75139512,-1.23160617
1116,51.76680919,-1.26744472
1117,51.76813627,-1.23760458
1118,51.74459784,-1.32047769
1119,51.74974721,-1.31400595
1120,51.77664837,-1.21181152
1121,51.75954826,-1.20505827
1122,51.72663954,-1.20707295
1123,51.73871635,-1.25873789
1124,51.77107154,-1.27391586
1125,51.72689009,-1.28550159
1126,51.75843251,-1.25769207
1127,51.71436861,-1.28824954
1128,51.78426144,-1.30011784
1129,51.76036672,-1.20716587
1130,51.72102773,-1.29323712
1131,51.71852221,-1.29002992
1132,51.759978,-1.2330221
1133,51.7536976,-1.1854777
1134,51.76597856,-1.24394144
1135,51.78943763,-1.23628666
1136,51.79166073,-1.23819282
1137,51.74351542,-1.20506983
1138,51.71373025,-1.2900568
1139,51.77134261,-1.23990506
1140,51.76661745,-1.19649875
1141,51.77272291,-1.30268161
1142,51.77293895,-1.21233908
1143,51.78805329,-1.23148514
1144,51.73820453,-1.24611601
1145,51.79304988,-1.23514626
1146,51.72152484,-1.29942572
1147,51.7776681,-1.24587135
1148,51.7624628,-1.22649405
1149,51.77531523,-1.21632251
1150,51.75724383,-1.2523611
1151,51.77809405,-1.21142537
1152,51.77150348,-1.2885598
1153,51.72945527,-1.25570646
1154,51.73561412,-1.24684973
1155,51.71992949,-1.28836708
1156,51.75074745,-1.30634208
1157,51.71842745,-1.21954523
1158,51.78831144,-1.24809745
1159,51.7121324,-1.25685142
1160,51.71242254,-1.25257404
1161,51.74563521,-1.23154686
1162,51.77865322,-1.20462471
1163,51.73994481,-1.23316761
1164,51.75722052,-1.23976931
1165,51.73554274,-1.25793667
1166,51.74065203,-1.31757271
1167,51.73233706,-1.20558475
1168,51.76812912,-1.24901834
1169,51.72420597,-1.30284486
1170,51.73195784,-1.23184493
1171,51.75872868,-1.26595175
1172,51.72657034,-1.19799728
1173,51.73503387,-1.32090389
1174,51.7383199,-1.19149986
1175,51.74915573,-1.19043821
1176,51.72622695,-1.28247839
1177,51.71548288,-1.23285671
1178,51.7735886,-1.25969916
1179,51.71710597,-1.23208116
1180,51.74515633,-1.29770846
1181,51.73955847,-1.20817894
1182,51.73140756,-1.24682804
1183,51.7109394,-1.26316292
1184,51.78479197,-1.28208016
1185,51.75909579,-1.26744611
1186,51.72993049,-1.31565223
1187,51.77296348,-1.23906765
1188,51.74471331,-1.22121701
1189,51.76853497,-1.3207142
1190,51.76575781,-1.23835879
1191,51.7899023,-1.2928892
1192,51.77923141,-1.25309302
1193,51.73157447,-1.2989138
1194,51.77384305,-1.23260582
1195,51.75720255,-1.24137431
1196,51.74135258,-1.27767986
1197,51.78216926,-1.30539844
1198,51.72897628,-1.26120768
1199,51.75929425,-1.2198475
1200,51.77748061,-1.29340274
1201,51.77210827,-1.2850705
1202,51.78128747,-1.26768251
1203,51.78097932,-1.2721339
1204,51.7673428,-1.20596826
1205,51.71077382,-1.27417053
1206,51.78430159,-1.22728899
1207,51.72628586,-1.27180692
1208,51.78716917,-1.29265638
1209,51.72902297,-1.2362671
1210,51.73423286,-1.24196207
1211,51.73478227,-1.22367117
1212,51.77666863,-1.24165999
1213,51.76154166,-1.2301772
1214,51.78523572,-1.2573381
1215,51.76491606,-1.19858207
1216,51.74930052,-1.22220145
1217,51.7475143,-1.23127035
1218,51.7681779,-1.22219099
1219,51.71773183,-1.24773625
1220,51.78732341,-1.29509241
1221,51.77738982,-1.25004965
1222,51.78681654,-1.24160365
1223,51.7784196,-1.20140959
1224,51.73286596,-1.21959063
1225,51.75136445,-1.2931251
1226,51.78065982,-1.24397799
1227,51.75561258,-1.19316053
1228,51.75493396,-1.3238148
1229,51.77188868,-1.21406547
1230,51.71182264,-1.25507937
1231,51.71257907,-1.23613741
1232,51.75689694,-1.32246641
1233,51.78103778,-1.24768236
1234,51.73522055,-1.2707052
1235,51.75812969,-1.29641651
1236,51.76126164,-1.23299082
1237,51.77635386,-1.20263262
1238,51.71432997,-1.26125607
1239,51.73176863,-1.24639487
1240,51.71405041,-1.22862184
1241,51.79140199,-1.29110797
1242,51.76360854,-1.30272048
1243,51.7371781,-1.31380788
1244,51.78213826,-1.27035084
1245,51.72354996,-1.25279034
1246,51.76325982,-1.30181438
1247,51.74787528,-1.28300718
1248,51.75204331,-1.27892657
1249,51.76638976,-1.19681676
1250,51.74084161,-1.3196246
1251,51.73583078,-1.29954897
1252,51.71500148,-1.26679485
1253,51.77087761,-1.19648531
1254,51.7732113,-1.30832129
1255,51.74111157,-1.25247777
1256,51.76650473,-1.31842243
1257,51.76662992,-1.31905913
1258,51.73549078,-1.29486278
1259,51.75274254,-1.19512171
1260,51.78298586,-1.30333011
1261,51.73821267,-1.22257424
1262,51.73938547,-1.24043526
1263,51.72143448,-1.21491834
1264,51.76835729,-1.21641867
1265,51.78761182,-1.286166
1266,51.74232312,-1.28510934
1267,51.77115293,-1.23794864
1268,51.78622073,-1.26360633
1269,51.78208727,-1.26233208
1270,51.71649453,-1.253538
1271,51.77048913,-1.27165312
1272,51.76338427,-1.23450578
1273,51.7757764,-1.29288094
1274,51.71781171,-1.22961363
1275,51.75617783,-1.20198309
1276,51.7946004,-1.25453598
1277,51.74240483,-1.24056632
1278,51.73696886,-1.20877288
1279,51.71359343,-1.25259624
1280,51.74617026,-1.23429179
1281,51.72707362,-1.23926716
1282,51.73530948,-1.25945887
1283,51.78212459,-1.2146877
1284,51.7561112,-1.2630055
1285,51.78196657,-1.20650026
1286,51.77740867,-1.22831122
1287,51.75082971,-1.26481622
1288,51.7792109,-1.21081144
1289,51.76698164,-1.23059407
1290,51.75013818,-1.29551931
1291,51.74087822,-1.27815189
1292,51.75784545,-1.26543284
1293,51.72248265,-1.29638363
1294,51.75130526,-1.29081021
1295,51.73358616,-1.27753703
1296,51.72732859,-1.19769344
1297,51.76976403,-1.32423084
1298,51.71591577,-1.21930184
1299,51.75987393,-1.30209228
1300,51.76629596,-1.253176
1301,51.76262335,-1.21094345
1302,51.75664509,-1.19160954
1303,51.79375066,-1.23881317
1304,51.75828722,-1.19291281
1305,51.75853139,-1.19205042
1306,51.76853769,-1.30474437
1307,51.73393456,-1.26950757
1308,51.79131819,-1.24318658
1309,51.75040272,-1.25254747
1310,51.78388004,-1.22288853
1311,51.71774492,-1.2867248
1312,51.73498712,-1.22072316
1313,51.7648993,-1.25286036
1314,51.7153457,-1.23718262
1315,51.76339161,-1.20157042
1316,51.79384863,-1.24003836
1317,51.71795198,-1.24555327
1318,51.78305003,-1.24525496
1319,51.74738769,-1.22970486
1320,51.72893723,-1.19820907
1321,51.73236111,-1.28773357
1322,51.77886209,-1.31391459
1323,51.75395156,-1.24413719
1324,51.71617156,-1.25856803
1325,51.73362224,-1.27936695
1326,51.73621335,-1.25841692
1327,51.72898601,-1.28943155
1328,51.75928739,-1.20620374
1329,51.78520806,-1.21770573
1330,51.71707309,-1.26466231
1331,51.74398901,-1.32827833
1332,51.73326584,-1.29523144
1333,51.78472273,-1.30197627
1334,51.79469753,-1.23773958
1335,51.78865332,-1.29814706
1336,51.74568799,-1.21828985
1337,51.7912036,-1.29162039
1338,51.73619805,-1.23624766
1339,51.78248426,-1.21262869
1340,51.77637594,-1.28141991
1341,51.71814551,-1.21646448
1342,51.7432126,-1.25188075
1343,51.78578618,-1.25997003
1344,51.71069512,-1.233268
1345,51.74721996,-1.29250274
1346,51.72891057,-1.27422789
1347,51.76725251,-1.26316743
1348,51.78760303,-1.29055475
1349,51.73070976,-1.25019218
1350,51.74053932,-1.30222596
1351,51.76521643,-1.30945739
1352,51.73662467,-1.29689323
1353,51.75272933,-1.19832635
1354,51.72380727,-1.27388564
1355,51.74715205,-1.29899434
1356,51.75946591,-1.19028716
1357,51.74757748,-1.32840574
1358,51.73821105,-1.22165961
1359,51.71305642,-1.23964204
1360,51.73935201,-1.27983622
1361,51.72134031,-1.24894706
1362,51.73693658,-1.31009116
1363,51.77188515,-1.27240998
1364,51.77152021,-1.21605122
1365,51.73206215,-1.26274454
1366,51.74566532,-1.26590091
1367,51.74845813,-1.28018621
1368,51.73391532,-1.28586991
1369,51.75272316,-1.25498996
1370,51.77251412,-1.21102611
1371,51.72906221,-1.24256107
1372,51.79377821,-1.25394925
1373,51.77339673,-1.27368333
1374,51.78526805,-1.27887563
1375,51.77173869,-1.19463366
1376,51.73315188,-1.28116884
1377,51.79374989,-1.28322336
1378,51.74501043,-1.21856796
1379,51.79299974,-1.23499657
1380,51.79349122,-1.23164206
1381,51.74524495,-1.26257721
1382,51.72541484,-1.30608046
1383,51.78219579,-1.23732186
1384,51.73477147,-1.27168825
1385,51.75016554,-1.22508781
1386,51.71627764,-1.25166948
1387,51.74268654,-1.28470624
1388,51.77709175,-1.2491281
1389,51.71049945,-1.26874573
1390,51.74932667,-1.19096505
1391,51.73493373,-1.21775001
1392,51.75588102,-1.22666631
1393,51.74606165,-1.26778852
1394,51.7328558,-1.19774302
1395,51.77587098,-1.22514662
1396,51.76525932,-1.24352196
1397,51.75090422,-1.18940446
1398,51.71585621,-1.28448262
1399,51.77949074,-1.25403691
1400,51.77767822,-1.31531159
1401,51.76233408,-1.2218421
1402,51.77350715,-1.31674506
1403,51.72214105,-1.28879089
1404,51.71590336,-1.29293796
1405,51.72605285,-1.24296225
1406,51.74066007,-1.31257754
1407,51.73847831,-1.27591718
1408,51.72569697,-1.30160612
1409,51.74935161,-1.21013032
1410,51.72762076,-1.27624342
1411,51.7489897,-1.20188519
1412,51.72815609,-1.20645652
1413,51.76901095,-1.31813863
1414,51.76463586,-1.25843206
1415,51.7589782,-1.30568269
1416,51.78161474,-1.25124811
1417,51.72651219,-1.20644202
1418,51.75606931,-1.21201782
1419,51.74769588,-1.2960621
1420,51.75841136,-1.30400363
1421,51.75417796,-1.18557962
1422,51.73094737,-1.27982083
1423,51.75541249,-1.25433391
1424,51.73552021,-1.20542246
1425,51.77365562,-1.30412394
1426,51.73420577,-1.22904166
1427,51.72870725,-1.22315294
1428,51.71815268,-1.28080887
1429,51.75897553,-1.23230264
1430,51.7870733,-1.23015429
1431,51.76018666,-1.27970191
1432,51.7554576,-1.20694162
1433,51.74409682,-1.24801884
1434,51.74935502,-1.28358137
1435,51.74545977,-1.309225
1436,51.75316007,-1.24986216
1437,51.77723309,-1.27439997
1438,51.72811492,-1.20562558
1439,51.75219589,-1.19253036
1440,51.7467803,-1.18830598
1441,51.75530101,-1.23757526
1442,51.76982401,-1.23965601
1443,51.75307085,-1.31559164
1444,51.79378631,-1.23335806
1445,51.73431126,-1.24876598
1446,51.76176473,-1.20880743
1447,51.76371183,-1.24889097
1448,51.78988272,-1.26309629
1449,51.78238513,-1.21587857
1450,51.79155137,-1.23734495
1451,51.7166359,-1.24414266
1452,51.76308496,-1.23281079
1453,51.73425665,-1.31340435
1454,51.74876191,-1.2538814
1455,51.73132061,-1.29392962
1456,51.73083533,-1.2756855
1457,51.744983,-1.26290525
1458,51.73136971,-1.23474255
1459,51.76267463,-1.2818448
1460,51.77453364,-1.29980468
1461,51.73632114,-1.20356132
1462,51.77021782,-1.22398697
1463,51.77990369,-1.28871716
1464,51.75810405,-1.20373418
1465,51.76980465,-1.26529839
1466,51.737733,-1.26514469
1467,51.71154467,-1.28255664
1468,51.73941549,-1.20126256
1469,51.75020482,-1.32472481
1470,51.78206592,-1.24915307
1471,51.74154484,-1.28398564
1472,51.77352804,-1.19952496
1473,51.75732172,-1.26624132
1474,51.75844047,-1.26016356
1475,51.73667767,-1.21313891
1476,51.75300075,-1.1952718
1477,51.74015812,-1.19598558
1478,51.75516362,-1.31271843
1479,51.77762527,-1.30360555
1480,51.76094071,-1.31782408
1481,51.74279036,-1.27949336
1482,51.77046,-1.30016862
1483,51.79054705,-1.27466295
1484,51.71558788,-1.28432322
1485,51.72429322,-1.24272522
1486,51.74237639,-1.19385273
1487,51.73428742,-1.32085802
1488,51.76796125,-1.28782211
1489,51.73753303,-1.20052228
1490,51.72632971,-1.26075054
1491,51.79527057,-1.24856426
1492,51.75906484,-1.24698302
1493,51.77181645,-1.27490581
1494,51.72068093,-1.24648043
1495,51.79466515,-1.24783012
1496,51.77628263,-1.20835852
1497,51.76268193,-1.31014409
1498,51.72989086,-1.22062383
1499,51.74174306,-1.26802174
1500,51.77884084,-1.25049769
1501,51.75650141,-1.20054868
1502,51.73988548,-1.31907624
1503,51.75654893,-1.25035961
1504,51.73967309,-1.29816047
1505,51.71013961,-1.26925519
1506,51.74319842,-1.27088703
1507,51.7686484,-1.28579865
1508,51.73831688,-1.24017901
1509,51.75111939,-1.27382808
1510,51.75758168,-1.31641779
1511,51.78961781,-1.28841205
1512,51.75981778,-1.21022203
1513,51.7925999,-1.27772967
1514,51.75807647,-1.27509869
1515,51.71958266,-1.22151067
1516,51.73015722,-1.25463067
1517,51.76093796,-1.26819869
1518,51.76863222,-1.24023023
1519,51.74400801,-1.25068681
1520,51.74974141,-1.26150139
1521,51.75450866,-1.3224663
1522,51.77384624,-1.29217737
1523,51.74601233,-1.2505674
1524,51.76483984,-1.31159701
1525,51.75544162,-1.29390856
1526,51.71671197,-1.23363475
1527,51.78752785,-1.27364542
1528,51.7389816,-1.27279269
1529,51.75488881,-1.23162862
1530,51.73901984,-1.31083789
1531,51.77330171,-1.27456464
1532,51.7507668,-1.2479749
1533,51.79237136,-1.23154007
1534,51.77626715,-1.20320317
1535,51.75102921,-1.32820452
1536,51.73950148,-1.31569764
1537,51.75634065,-1.19561135
1538,51.7700001,-1.2815002
1539,51.72056611,-1.28684029
1540,51.72983501,-1.31466552
1541,51.75598228,-1.23286035
1542,51.77269881,-1.23452264
1543,51.76060926,-1.25853539
1544,51.72063694,-1.2755193
1545,51.7274024,-1.22020259
1546,51.76883225,-1.22594738
1547,51.79415569,-1.28052691
1548,51.74011672,-1.30549181
1549,51.76220659,-1.31557848
1550,51.77165063,-1.20873132
1551,51.77197811,-1.24645318
1552,51.76125777,-1.20019278
1553,51.77834227,-1.22290712
1554,51.74446621,-1.19912437
1555,51.78070195,-1.29371934
1556,51.78717065,-1.24187141
1557,51.73647331,-1.19293553
1558,51.73035833,-1.3198034
1559,51.71909116,-1.25845246
1560,51.75913775,-1.26499461
1561,51.71017282,-1.24536721
1562,51.75292099,-1.19148788
1563,51.76269054,-1.27075371
1564,51.73029176,-1.30292847
1565,51.76694308,-1.2227883
1566,51.79191715,-1.26189978
1567,51.7804026,-1.28766039
1568,51.7911031,-1.24829472
1569,51.71873644,-1.28203024
1570,51.77063711,-1.28710344
1571,51.72373824,-1.24539963
1572,51.7530451,-1.24758358
1573,51.79145441,-1.26942176
1574,51.77663441,-1.2250395
1575,51.72596208,-1.23278606
1576,51.72519874,-1.25104626
1577,51.73400465,-1.29187816
1578,51.76841102,-1.3145516
1579,51.72002186,-1.27183014
1580,51.74347185,-1.32253351
1581,51.77456149,-1.2065634
1582,51.71377008,-1.27801867
1583,51.7858844,-1.27622297
1584,51.77240612,-1.24515002
1585,51.77357743,-1.29444324
1586,51.74228962,-1.26790608
1587,51.7451285,-1.2941395
1588,51.78701792,-1.23354229
1589,51.79604831,-1.27197476
1590,51.74628489,-1.31967284
1591,51.74839956,-1.21649405
1592,51.7343386,-1.26088931
1593,51.71670112,-1.26028459
1594,51.76479666,-1.20077303
1595,51.77778721,-1.2219692
1596,51.77051427,-1.31178285
1597,51.73917972,-1.23502789
1598,51.73921303,-1.24418132
1599,51.76104552,-1.21103155
1600,51.76486067,-1.31590344
1601,51.75885016,-1.24381743
1602,51.71483397,-1.24365874
1603,51.76830965,-1.2785839
1604,51.74199771,-1.25757502
1605,51.79068657,-1.22858406
1606,51.78345192,-1.24990966
1607,51.77426616,-1.24024126
1608,51.7172837,-1.29525725
1609,51.77761733,-1.22224384
1610,51.75215147,-1.19985094
1611,51.73657493,-1.20304885
1612,51.79383237,-1.2795914
1613,51.76805334,-1.24261608
1614,51.78102868,-1.25359305
1615,51.72298159,-1.26802995
1616,51.77651335,-1.21240717
1617,51.78469357,-1.22886093
1618,51.72866493,-1.25054131
1619,51.75707807,-1.2223255
1620,51.77528574,-1.20260448
1621,51.75611265,-1.18959592
1622,51.76273527,-1.2658397
1623,51.74616774,-1.28196843
1624,51.78730721,-1.27779108
1625,51.75820923,-1.29790892
1626,51.77075507,-1.2072005
1627,51.77154924,-1.25643733
1628,51.77403531,-1.26583587
1629,51.73204586,-1.23393064
1630,51.73499656,-1.19583622
1631,51.73310886,-1.25812531
1632,51.7454078,-1.23654056
1633,51.73899403,-1.19200408
1634,51.73633924,-1.25867021
1635,51.75742933,-1.2734217
1636,51.750139,-1.31375888
1637,51.74940955,-1.19248827
1638,51.79202883,-1.2595745
1639,51.777929,-1.23775784
1640,51.73208156,-1.303578
1641,51.75593773,-1.29061474
1642,51.72987033,-1.24913605
1643,51.76076762,-1.27765316
1644,51.75287766,-1.3108424
1645,51.75917392,-1.19859775
1646,51.77354225,-1.2650639
1647,51.74111592,-1.31084485
1648,51.7219492,-1.25525245
1649,51.74941839,-1.27639151
1650,51.77215487,-1.21430436
1651,51.77079046,-1.29241064
1652,51.71615071,-1.26336947
1653,51.7142351,-1.21961624
1654,51.78435514,-1.21118385
1655,51.75724351,-1.31572236
1656,51.730751,-1.21222011
1657,51.76386639,-1.21158274
1658,51.73678699,-1.31610237
1659,51.79419904,-1.24075771
1660,51.75110277,-1.23347035
1661,51.76143247,-1.30544126
1662,51.72224135,-1.29468515
1663,51.74224738,-1.27908899
1664,51.75652702,-1.29393564
1665,51.73847343,-1.27342276
1666,51.75029947,-1.19102978
1667,51.78138573,-1.26769266
1668,51.7673415,-1.29034437
1669,51.72441556,-1.29493758
1670,51.75348642,-1.25954394
1671,51.71591506,-1.26839689
1672,51.77179233,-1.24197691
1673,51.72105636,-1.26339764
1674,51.72641154,-1.21250137
1675,51.7827403,-1.29642058
1676,51.75549182,-1.31175076
1677,51.72475288,-1.31043077
1678,51.75730195,-1.23116037
1679,51.73273769,-1.28169918
1680,51.75318212,-1.27941976
1681,51.76206722,-1.2992576
1682,51.76017833,-1.26559562
1683,51.77293324,-1.28152454
1684,51.71790043,-1.27540537
1685,51.72715308,-1.2160045
1686,51.74556705,-1.28954067
1687,51.78927042,-1.23210928
1688,51.76045666,-1.31810565
1689,51.71173998,-1.23765175
1690,51.74410719,-1.24142627
1691,51.77222923,-1.27591518
1692,51.78362766,-1.25528015
1693,51.7575753,-1.20008746
1694,51.76409444,-1.21084669
1695,51.7451502,-1.2777013
1696,51.77441658,-1.29724402
1697,51.74582766,-1.30840087
1698,51.71911159,-1.25650181
1699,51.77251931,-1.30735052
1700,51.72817387,-1.20947657
1701,51.71305094,-1.28012494
1702,51.73613673,-1.30142613
1703,51.72822238,-1.24607121
1704,51.71573084,-1.25397714
1705,51.72659823,-1.27709706
1706,51.76684337,-1.20827262
1707,51.72324213,-1.28851439
1708,51.75512478,-1.20396281
1709,51.76840211,-1.29915664
1710,51.74244577,-1.28488535
1711,51.774143,-1.28697077
1712,51.78380006,-1.23526488
1713,51.71106345,-1.23469864
1714,51.74310626,-1.27126594
1715,51.75547773,-1.27439551
1716,51.783917,-1.24840852
1717,51.74091825,-1.18865609
1718,51.79080729,-1.24531792
1719,51.76887547,-1.24800313
1720,51.71032414,-1.26617685
1721,51.77928238,-1.29138725
1722,51.72739186,-1.27084744
1723,51.71953729,-1.25903576
1724,51.76105866,-1.30526452
1725,51.74981876,-1.18876018
1726,51.73051516,-1.20610801
1727,51.73611196,-1.29006277
1728,51.74464022,-1.32335661
1729,51.75517415,-1.1939402
1730,51.7253582,-1.21490923
1731,51.76067986,-1.2675411
1732,51.73228783,-1.21688508
1733,51.76545236,-1.25510267
1734,51.77594007,-1.24784171
1735,51.73239174,-1.19709417
1736,51.73989494,-1.26623724
1737,51.76277667,-1.24317999
1738,51.73990587,-1.2541452
1739,51.71398193,-1.27712341
1740,51.77230433,-1.2919508
1741,51.75425334,-1.21741503
1742,51.79208701,-1.28868086
1743,51.74823268,-1.22621314
1744,51.71370412,-1.26785949
1745,51.7441127,-1.1961773
1746,51.74264062,-1.27433844
1747,51.75675749,-1.22910708
1748,51.76756728,-1.30030803
1749,51.73377187,-1.31050857
1750,51.7217876,-1.20443884
1751,51.72977384,-1.3154892
1752,51.73117702,-1.20949545
1753,51.73431034,-1.2326577
1754,51.79062227,-1.25092601
1755,51.75930747,-1.26615389
1756,51.71696436,-1.26180148
1757,51.77851447,-1.30690725
1758,51.75599621,-1.25311686
1759,51.73711211,-1.28569386
1760,51.75062799,-1.21619765
1761,51.78091672,-1.26045353
1762,51.72362199,-1.31296661
1763,51.75931355,-1.2249493
1764,51.73815569,-1.23406397
1765,51.74340512,-1.2467926
1766,51.71491058,-1.26767357
1767,51.73616763,-1.30633488
1768,51.74243721,-1.30079935
1769,51.72853775,-1.21570845
1770,51.74999598,-1.18799053
1771,51.75950498,-1.19411512
1772,51.76193817,-1.31732515
1773,51.75326675,-1.32689769
1774,51.72810717,-1.30717231
1775,51.770064,-1.22667646
1776,51.72611279,-1.26505738
1777,51.75773998,-1.31652992
1778,51.77159523,-1.31176573
1779,51.77514583,-1.31424392
1780,51.71447214,-1.26244641
1781,51.72984321,-1.28079895
1782,51.77968973,-1.26702569
1783,51.7736981,-1.27690375
1784,51.76631881,-1.25147865
1785,51.76378191,-1.27235689
1786,51.71334624,-1.28682503
1787,51.74541118,-1.24972353
1788,51.74092898,-1.30755592
1789,51.74345457,-1.29767876
1790,51.74997059,-1.23722676
1791,51.78904599,-1.24508422
1792,51.7449296,-1.32284168
1793,51.73621311,-1.21160611
1794,51.73122311,-1.3059493
1795,51.74915197,-1.31849815
1796,51.74241749,-1.29094073
1797,51.72471563,-1.31130043
1798,51.78404858,-1.22732774
1799,51.7666266,-1.24983613
1800,51.73985955,-1.3096503
1801,51.77180211,-1.29442893
1802,51.76941342,-1.28954348
1803,51.79482035,-1.24965689
1804,51.77648229,-1.27291564
1805,51.7628362,-1.27609848
1806,51.7841452,-1.25808926
1807,51.75224154,-1.31921368
1808,51.79074449,-1.2738792
1809,51.78466172,-1.28248352
1810,51.72502761,-1.23297656
1811,51.73838579,-1.20493947
1812,51.73986906,-1.22570977
1813,51.78082573,-1.23493867
1814,51.72792392,-1.2614606
1815,51.74049908,-1.22678505
1816,51.71911115,-1.29907937
1817,51.79505607,-1.27687134
1818,51.74671505,-1.25552885
1819,51.7746681,-1.28458139
1820,51.74512978,-1.21797753
1821,51.75295757,-1.23492815
1822,51.74889843,-1.27410018
1823,51.77711835,-1.31419412
1824,51.71566085,-1.21655994
1825,51.78883065,-1.22470956
1826,51.75658805,-1.2846481
1827,51.7320133,-1.25341488
1828,51.72338201,-1.23024235
1829,51.74620646,-1.23092429
1830,51.73800231,-1.3167934
1831,51.77876138,-1.31475963
1832,51.7482146,-1.31549542
1833,51.76576363,-1.23046023
1834,51.73011842,-1.20890096
1835,51.79008768,-1.24511706
1836,51.73492717,-1.29546399
1837,51.72119309,-1.28781985
1838,51.77569146,-1.19664536
1839,51.76799679,-1.31823325
1840,51.75845875,-1.30953977
1841,51.75881353,-1.28331233
1842,51.77269851,-1.29221086
1843,51.72176818,-1.25287414
1844,51.76172552,-1.30965762
1845,51.71683897,-1.21519532
1846,51.74893899,-1.31183654
1847,51.76924248,-1.27424911
1848,51.74048908,-1.2625148
1849,51.785617,-1.22681358
1850,51.71841996,-1.2658473
1851,51.75220964,-1.25769544
1852,51.77581223,-1.26755825
1853,51.71880739,-1.24808405
1854,51.75218953,-1.27624165
1855,51.75735496,-1.3091397
1856,51.73130992,-1.2685959
1857,51.73865243,-1.24143549
1858,51.75234084,-1.25329879
1859,51.73327204,-1.30448685
1860,51.73607802,-1.27638663
1861,51.71922807,-1.27396518
1862,51.72220556,-1.2770168
1863,51.75068811,-1.28028986
1864,51.73542642,-1.23005109
1865,51.78506906,-1.2156028
1866,51.77101235,-1.23059209
1867,51.78430506,-1.21733321
1868,51.77181782,-1.29951649
1869,51.72774429,-1.31827865
1870,51.73657598,-1.29434415
1871,51.75928965,-1.22031188
1872,51.74426631,-1.30490693
1873,51.72245989,-1.20913315
1874,51.76132767,-1.28983729
1875,51.76486629,-1.25756715
1876,51.719057,-1.2937397
1877,51.76271717,-1.24732453
1878,51.76962093,-1.24405324
1879,51.74400611,-1.2220802
1880,51.74959316,-1.19979722
1881,51.77622914,-1.28773565
1882,51.78019625,-1.26033162
1883,51.75297738,-1.31530653
1884,51.7942104,-1.27451454
1885,51.75007765,-1.25770132
1886,51.77429299,-1.28040245
1887,51.77552921,-1.20780037
1888,51.78622634,-1.21173192
1889,51.74553586,-1.29029518
1890,51.77086588,-1.24946252
1891,51.71254597,-1.2330556
1892,51.76541815,-1.19927355
1893,51.77676532,-1.22962349
1894,51.76706093,-1.29707442
1895,51.74847918,-1.32560105
1896,51.76839809,-1.21787501
1897,51.79198198,-1.24572384
1898,51.70823089,-1.25100946
1899,51.7149931,-1.25912517
1900,51.73533777,-1.29507113
1901,51.76063929,-1.22293374
1902,51.75837691,-1.29676703
1903,51.73676834,-1.25970292
1904,51.73527619,-1.30868821
1905,51.76037762,-1.29208318
1906,51.74250929,-1.29502601
1907,51.71016681,-1.23987862
1908,51.76449578,-1.31306865
1909,51.71987701,-1.2084182
1910,51.75259152,-1.21510519
1911,51.72648937,-1.27965837
1912,51.7528921,-1.2326194
1913,51.76664519,-1.26796337
1914,51.75024553,-1.22610113
1915,51.72791077,-1.22989294
1916,51.74365893,-1.28348441
1917,51.7230454,-1.2318794
1918,51.74041199,-1.26683051
1919,51.76720439,-1.22803284
1920,51.75261006,-1.32246797
1921,51.73236697,-1.30163383
1922,51.7728116,-1.2615022
1923,51.71263548,-1.27729014
1924,51.72738952,-1.28029012
1925,51.71819424,-1.29174451
1926,51.79040202,-1.25199432
1927,51.72189283,-1.29040476
1928,51.74258885,-1.26234955
1929,51.76899007,-1.31768521
1930,51.75728351,-1.21026942
1931,51.78172889,-1.22925961
1932,51.74703481,-1.31625628
1933,51.79414657,-1.23770499
1934,51.7753879,-1.25246856
1935,51.71371638,-1.22218126
1936,51.77636101,-1.31643391
1937,51.74823408,-1.25384538
1938,51.75408977,-1.31537783
1939,51.75837768,-1.21154654
1940,51.76028639,-1.29881819
1941,51.72576791,-1.31311637
1942,51.71683102,-1.29245501
1943,51.72460196,-1.22059401
1944,51.74598694,-1.20349964
1945,51.73437851,-1.25079464
1946,51.72345132,-1.30957692
1947,51.74657994,-1.31212689
1948,51.73434126,-1.29091836
1949,51.72396258,-1.29873211
1950,51.72318801,-1.22994271
1951,51.75721494,-1.27825954
1952,51.77534675,-1.27627709
1953,51.78008831,-1.25467405
1954,51.73313758,-1.20447769
1955,51.79636866,-1.26644131
1956,51.7540254,-1.32905039
1957,51.73110263,-1.22214353
1958,51.74498967,-1.21231082
1959,51.76572395,-1.28651127
1960,51.71249342,-1.2580127
1961,51.79295779,-1.27666556
1962,51.76167334,-1.2926082
1963,51.76698615,-1.19062148
1964,51.77137238,-1.27464798
1965,51.73041375,-1.22668968
1966,51.73171626,-1.20913955
1967,51.71713993,-1.26092378
1968,51.74361692,-1.29304846
1969,51.73542785,-1.27882685
1970,51.78674341,-1.25340921
1971,51.76672821,-1.27534811
1972,51.72367833,-1.21728572
1973,51.77401898,-1.27509743
1974,51.77000312,-1.2990282
1975,51.7307227,-1.2412506
1976,51.71865981,-1.30090631
1977,51.79237455,-1.28381508
1978,51.72691466,-1.20134929
1979,51.78076063,-1.22112402
1980,51.74185254,-1.27060171
1981,51.7338709,-1.28796204
1982,51.74117171,-1.21720212
1983,51.72443487,-1.28242484
1984,51.78294818,-1.29346404
1985,51.75289029,-1.2062486
1986,51.75687273,-1.29396158
1987,51.70880778,-1.25963827
1988,51.7573654,-1.3118584
1989,51.72822145,-1.31778817
1990,51.74848842,-1.20870366
1991,51.72666432,-1.28639897
1992,51.74518364,-1.29276531
1993,51.76819845,-1.27850238
1994,51.72005514,-1.25434096
1995,51.7501466,-1.27324585
1996,51.7378381,-1.23156868
1997,51.77687556,-1.22796274
1998,51.7087091,-1.26534352
1999,51.77780506,-1.26821131
2000,51.77596031,-1.31172818